<?xml version="1.0" encoding="UTF-8" standalone="no"?>
<!-- Licensed Materials - Property of IBM
			 5725-G92 (C) Copyright IBM Corp. 2006, 2012. All Rights Reserved.
			 US Government Users Restricted Rights - Use, duplication or
             disclosure restricted by GSA ADP Schedule Contract with IBM Corp. -->
<!-- Attribute "id" must be identical to application folder name -->
<application xmlns="http://www.worklight.com/application-descriptor" id="mobileHybridApp" platformVersion="5.0.5">
    <displayName>Navigator*</displayName>
    <description>Navigator</description>
    <author>
        <name>IBM</name>
        <email>ibm@ibm.com</email>
        <homepage>http://ibm.com</homepage>
        <copyright>IBM</copyright>
    </author>
    <height>460</height>
    <width>320</width>
    <mainFile>mobileHybridApp.html</mainFile>
    <thumbnailImage>common/images/thumbnail.png</thumbnailImage>
    <iphone bundleId="com.ibm.Navigator" version="1.0">
        <worklightSettings include="false"/>
        <security>
            <encryptWebResources enabled="false"/>
            <testWebResourcesChecksum enabled="false" ignoreFileExtensions="png, jpg, jpeg, gif, mp4, mp3"/>
        </security>
    </iphone>
    <worklightServerRootURL>http://${local.IPAddress}:8080</worklightServerRootURL>
</application>
