<ExportedObjects EMVersion="5.120.1.052"><LifeCycleActions/><LifeCyclePolicies/><ChoiceLists/><PropertyTemplates><PropertyTemplateString><PropertyTemplateStringProperties><ObjectType>1055</ObjectType><SymbolicName>PhoneNumber</SymbolicName><MarkingSet/><PersistenceType>1</PersistenceType><Cardinality>0</Cardinality><Creator>GCDAdmin</Creator><LastModifier>GCDAdmin</LastModifier><UsesLongColumn>0</UsesLongColumn><Settability>0</Settability><ModificationAccessRequired/><ReplicationGroup/><DisplayNames><LocalizedString><ObjectType>1075</ObjectType><LocalizedText>Phone Number</LocalizedText><LocaleName>de</LocaleName></LocalizedString></DisplayNames><AuditAs/><MaximumLengthString>64</MaximumLengthString><AliasIds/><Id>dc31d08e-fedf-445d-8268-8adf0d31d579</Id><IsNameProperty>0</IsNameProperty><DateCreated>2013-10-08T05:28:43.977Z</DateCreated><DescriptiveTexts><LocalizedString><ObjectType>1075</ObjectType><LocalizedText>Phone Number</LocalizedText><LocaleName>de</LocaleName></LocalizedString></DescriptiveTexts><RequiresUniqueElements/><IsHidden/><ExternalReplicaIdentities/><DateLastModified>2013-10-08T05:28:43.977Z</DateLastModified><Name>Phone Number</Name><PropertyDefaultString/><ChoiceList/><PropertyDisplayCategory/><IsValueRequired/></PropertyTemplateStringProperties></PropertyTemplateString><PropertyTemplateString><PropertyTemplateStringProperties><ObjectType>1055</ObjectType><SymbolicName>Company</SymbolicName><MarkingSet/><PersistenceType>1</PersistenceType><Cardinality>0</Cardinality><Creator>GCDAdmin</Creator><LastModifier>GCDAdmin</LastModifier><UsesLongColumn>0</UsesLongColumn><Settability>0</Settability><ModificationAccessRequired/><ReplicationGroup/><DisplayNames><LocalizedString><ObjectType>1075</ObjectType><LocalizedText>Company</LocalizedText><LocaleName>de</LocaleName></LocalizedString></DisplayNames><AuditAs/><MaximumLengthString>64</MaximumLengthString><AliasIds/><Id>7b4a016d-6e98-43d6-9895-87b9f9c151c8</Id><IsNameProperty>0</IsNameProperty><DateCreated>2013-10-08T05:28:23.67Z</DateCreated><DescriptiveTexts><LocalizedString><ObjectType>1075</ObjectType><LocalizedText>Company</LocalizedText><LocaleName>de</LocaleName></LocalizedString></DescriptiveTexts><RequiresUniqueElements/><IsHidden/><ExternalReplicaIdentities/><DateLastModified>2013-10-08T05:28:23.67Z</DateLastModified><Name>Company</Name><PropertyDefaultString/><ChoiceList/><PropertyDisplayCategory/><IsValueRequired/></PropertyTemplateStringProperties></PropertyTemplateString><PropertyTemplateString><PropertyTemplateStringProperties><ObjectType>1055</ObjectType><SymbolicName>CustomerNumber</SymbolicName><MarkingSet/><PersistenceType>1</PersistenceType><Cardinality>0</Cardinality><Creator>GCDAdmin</Creator><LastModifier>GCDAdmin</LastModifier><UsesLongColumn>0</UsesLongColumn><Settability>0</Settability><ModificationAccessRequired/><ReplicationGroup/><DisplayNames><LocalizedString><ObjectType>1075</ObjectType><LocalizedText>CustomerNumber</LocalizedText><LocaleName>de</LocaleName></LocalizedString></DisplayNames><AuditAs/><MaximumLengthString>64</MaximumLengthString><AliasIds/><Id>95d0d547-06ea-4554-a2de-a54760755776</Id><IsNameProperty>0</IsNameProperty><DateCreated>2013-10-08T06:50:11.773Z</DateCreated><DescriptiveTexts><LocalizedString><ObjectType>1075</ObjectType><LocalizedText>CustomerNumber</LocalizedText><LocaleName>de</LocaleName></LocalizedString></DescriptiveTexts><RequiresUniqueElements/><IsHidden/><ExternalReplicaIdentities/><DateLastModified>2013-10-08T06:50:11.773Z</DateLastModified><Name>CustomerNumber</Name><PropertyDefaultString/><ChoiceList/><PropertyDisplayCategory/><IsValueRequired/></PropertyTemplateStringProperties></PropertyTemplateString><PropertyTemplateBoolean><PropertyTemplateBooleanProperties><ObjectType>1055</ObjectType><SymbolicName>IsHiddenContainer</SymbolicName><AuditAs/><PersistenceType>1</PersistenceType><Cardinality>0</Cardinality><Creator>GCDAdmin</Creator><LastModifier>GCDAdmin</LastModifier><Settability>0</Settability><ModificationAccessRequired/><ReplicationGroup/><DisplayNames><LocalizedString><ObjectType>1075</ObjectType><LocalizedText>IsHiddenContainer</LocalizedText><LocaleName>en-us</LocaleName></LocalizedString><LocalizedString><ObjectType>1075</ObjectType><LocalizedText>IsHiddenContainer</LocalizedText><LocaleName>ar</LocaleName></LocalizedString><LocalizedString><ObjectType>1075</ObjectType><LocalizedText>IsHiddenContainer</LocalizedText><LocaleName>bg</LocaleName></LocalizedString><LocalizedString><ObjectType>1075</ObjectType><LocalizedText>IsHiddenContainer</LocalizedText><LocaleName>ca</LocaleName></LocalizedString><LocalizedString><ObjectType>1075</ObjectType><LocalizedText>IsHiddenContainer</LocalizedText><LocaleName>cs</LocaleName></LocalizedString><LocalizedString><ObjectType>1075</ObjectType><LocalizedText>IsHiddenContainer</LocalizedText><LocaleName>da</LocaleName></LocalizedString><LocalizedString><ObjectType>1075</ObjectType><LocalizedText>IsHiddenContainer</LocalizedText><LocaleName>de</LocaleName></LocalizedString><LocalizedString><ObjectType>1075</ObjectType><LocalizedText>IsHiddenContainer</LocalizedText><LocaleName>es</LocaleName></LocalizedString><LocalizedString><ObjectType>1075</ObjectType><LocalizedText>IsHiddenContainer</LocalizedText><LocaleName>fi</LocaleName></LocalizedString><LocalizedString><ObjectType>1075</ObjectType><LocalizedText>EstConteneurCaché</LocalizedText><LocaleName>fr</LocaleName></LocalizedString><LocalizedString><ObjectType>1075</ObjectType><LocalizedText>IsHiddenContainer</LocalizedText><LocaleName>he</LocaleName></LocalizedString><LocalizedString><ObjectType>1075</ObjectType><LocalizedText>IsHiddenContainer</LocalizedText><LocaleName>hr</LocaleName></LocalizedString><LocalizedString><ObjectType>1075</ObjectType><LocalizedText>IsHiddenContainer</LocalizedText><LocaleName>hu</LocaleName></LocalizedString><LocalizedString><ObjectType>1075</ObjectType><LocalizedText>IsHiddenContainer</LocalizedText><LocaleName>it</LocaleName></LocalizedString><LocalizedString><ObjectType>1075</ObjectType><LocalizedText>IsHiddenContainer</LocalizedText><LocaleName>ja</LocaleName></LocalizedString><LocalizedString><ObjectType>1075</ObjectType><LocalizedText>IsHiddenContainer</LocalizedText><LocaleName>ko</LocaleName></LocalizedString><LocalizedString><ObjectType>1075</ObjectType><LocalizedText>IsHiddenContainer</LocalizedText><LocaleName>nl</LocaleName></LocalizedString><LocalizedString><ObjectType>1075</ObjectType><LocalizedText>IsHiddenContainer</LocalizedText><LocaleName>nb-no</LocaleName></LocalizedString><LocalizedString><ObjectType>1075</ObjectType><LocalizedText>IsHiddenContainer</LocalizedText><LocaleName>pl</LocaleName></LocalizedString><LocalizedString><ObjectType>1075</ObjectType><LocalizedText>IsHiddenContainer</LocalizedText><LocaleName>pt</LocaleName></LocalizedString><LocalizedString><ObjectType>1075</ObjectType><LocalizedText>IsHiddenContainer</LocalizedText><LocaleName>pt-br</LocaleName></LocalizedString><LocalizedString><ObjectType>1075</ObjectType><LocalizedText>IsHiddenContainer</LocalizedText><LocaleName>ro</LocaleName></LocalizedString><LocalizedString><ObjectType>1075</ObjectType><LocalizedText>IsHiddenContainer</LocalizedText><LocaleName>ru</LocaleName></LocalizedString><LocalizedString><ObjectType>1075</ObjectType><LocalizedText>IsHiddenContainer</LocalizedText><LocaleName>sk</LocaleName></LocalizedString><LocalizedString><ObjectType>1075</ObjectType><LocalizedText>IsHiddenContainer</LocalizedText><LocaleName>sl</LocaleName></LocalizedString><LocalizedString><ObjectType>1075</ObjectType><LocalizedText>IsHiddenContainer</LocalizedText><LocaleName>sv</LocaleName></LocalizedString><LocalizedString><ObjectType>1075</ObjectType><LocalizedText>IsHiddenContainer</LocalizedText><LocaleName>th</LocaleName></LocalizedString><LocalizedString><ObjectType>1075</ObjectType><LocalizedText>IsHiddenContainer</LocalizedText><LocaleName>tr</LocaleName></LocalizedString><LocalizedString><ObjectType>1075</ObjectType><LocalizedText>IsHiddenContainer</LocalizedText><LocaleName>zh-cn</LocaleName></LocalizedString><LocalizedString><ObjectType>1075</ObjectType><LocalizedText>IsHiddenContainer</LocalizedText><LocaleName>zh-tw</LocaleName></LocalizedString></DisplayNames><PropertyDefaultBoolean>0</PropertyDefaultBoolean><AliasIds/><Id>24a43e2b-6dc4-4e3b-93de-21e31326d5f3</Id><IsNameProperty>0</IsNameProperty><DateCreated>2012-02-13T13:11:31.573Z</DateCreated><DescriptiveTexts><LocalizedString><ObjectType>1075</ObjectType><LocalizedText>IsHiddenContainer</LocalizedText><LocaleName>en-us</LocaleName></LocalizedString><LocalizedString><ObjectType>1075</ObjectType><LocalizedText>IsHiddenContainer</LocalizedText><LocaleName>ar</LocaleName></LocalizedString><LocalizedString><ObjectType>1075</ObjectType><LocalizedText>IsHiddenContainer</LocalizedText><LocaleName>bg</LocaleName></LocalizedString><LocalizedString><ObjectType>1075</ObjectType><LocalizedText>IsHiddenContainer</LocalizedText><LocaleName>ca</LocaleName></LocalizedString><LocalizedString><ObjectType>1075</ObjectType><LocalizedText>IsHiddenContainer</LocalizedText><LocaleName>cs</LocaleName></LocalizedString><LocalizedString><ObjectType>1075</ObjectType><LocalizedText>IsHiddenContainer</LocalizedText><LocaleName>da</LocaleName></LocalizedString><LocalizedString><ObjectType>1075</ObjectType><LocalizedText>IsHiddenContainer</LocalizedText><LocaleName>de</LocaleName></LocalizedString><LocalizedString><ObjectType>1075</ObjectType><LocalizedText>IsHiddenContainer</LocalizedText><LocaleName>es</LocaleName></LocalizedString><LocalizedString><ObjectType>1075</ObjectType><LocalizedText>IsHiddenContainer</LocalizedText><LocaleName>fi</LocaleName></LocalizedString><LocalizedString><ObjectType>1075</ObjectType><LocalizedText>EstConteneurCaché</LocalizedText><LocaleName>fr</LocaleName></LocalizedString><LocalizedString><ObjectType>1075</ObjectType><LocalizedText>IsHiddenContainer</LocalizedText><LocaleName>he</LocaleName></LocalizedString><LocalizedString><ObjectType>1075</ObjectType><LocalizedText>IsHiddenContainer</LocalizedText><LocaleName>hr</LocaleName></LocalizedString><LocalizedString><ObjectType>1075</ObjectType><LocalizedText>IsHiddenContainer</LocalizedText><LocaleName>hu</LocaleName></LocalizedString><LocalizedString><ObjectType>1075</ObjectType><LocalizedText>IsHiddenContainer</LocalizedText><LocaleName>it</LocaleName></LocalizedString><LocalizedString><ObjectType>1075</ObjectType><LocalizedText>IsHiddenContainer</LocalizedText><LocaleName>ja</LocaleName></LocalizedString><LocalizedString><ObjectType>1075</ObjectType><LocalizedText>IsHiddenContainer</LocalizedText><LocaleName>ko</LocaleName></LocalizedString><LocalizedString><ObjectType>1075</ObjectType><LocalizedText>IsHiddenContainer</LocalizedText><LocaleName>nl</LocaleName></LocalizedString><LocalizedString><ObjectType>1075</ObjectType><LocalizedText>IsHiddenContainer</LocalizedText><LocaleName>nb-no</LocaleName></LocalizedString><LocalizedString><ObjectType>1075</ObjectType><LocalizedText>IsHiddenContainer</LocalizedText><LocaleName>pl</LocaleName></LocalizedString><LocalizedString><ObjectType>1075</ObjectType><LocalizedText>IsHiddenContainer</LocalizedText><LocaleName>pt</LocaleName></LocalizedString><LocalizedString><ObjectType>1075</ObjectType><LocalizedText>IsHiddenContainer</LocalizedText><LocaleName>pt-br</LocaleName></LocalizedString><LocalizedString><ObjectType>1075</ObjectType><LocalizedText>IsHiddenContainer</LocalizedText><LocaleName>ro</LocaleName></LocalizedString><LocalizedString><ObjectType>1075</ObjectType><LocalizedText>IsHiddenContainer</LocalizedText><LocaleName>ru</LocaleName></LocalizedString><LocalizedString><ObjectType>1075</ObjectType><LocalizedText>IsHiddenContainer</LocalizedText><LocaleName>sk</LocaleName></LocalizedString><LocalizedString><ObjectType>1075</ObjectType><LocalizedText>IsHiddenContainer</LocalizedText><LocaleName>sl</LocaleName></LocalizedString><LocalizedString><ObjectType>1075</ObjectType><LocalizedText>IsHiddenContainer</LocalizedText><LocaleName>sv</LocaleName></LocalizedString><LocalizedString><ObjectType>1075</ObjectType><LocalizedText>IsHiddenContainer</LocalizedText><LocaleName>th</LocaleName></LocalizedString><LocalizedString><ObjectType>1075</ObjectType><LocalizedText>IsHiddenContainer</LocalizedText><LocaleName>tr</LocaleName></LocalizedString><LocalizedString><ObjectType>1075</ObjectType><LocalizedText>IsHiddenContainer</LocalizedText><LocaleName>zh-cn</LocaleName></LocalizedString><LocalizedString><ObjectType>1075</ObjectType><LocalizedText>IsHiddenContainer</LocalizedText><LocaleName>zh-tw</LocaleName></LocalizedString></DescriptiveTexts><RequiresUniqueElements/><IsHidden>1</IsHidden><ExternalReplicaIdentities/><DateLastModified>2012-06-27T16:19:38.320Z</DateLastModified><Name>IsHiddenContainer</Name><ChoiceList/><PropertyDisplayCategory>ContentEngineExtension</PropertyDisplayCategory><IsValueRequired>1</IsValueRequired></PropertyTemplateBooleanProperties></PropertyTemplateBoolean><PropertyTemplateString><PropertyTemplateStringProperties><ObjectType>1055</ObjectType><SymbolicName>ContainerType</SymbolicName><MarkingSet/><PersistenceType>1</PersistenceType><Cardinality>0</Cardinality><Creator>GCDAdmin</Creator><LastModifier>GCDAdmin</LastModifier><UsesLongColumn>0</UsesLongColumn><Settability>0</Settability><ModificationAccessRequired/><ReplicationGroup/><DisplayNames><LocalizedString><ObjectType>1075</ObjectType><LocalizedText>Container Type</LocalizedText><LocaleName>en-us</LocaleName></LocalizedString><LocalizedString><ObjectType>1075</ObjectType><LocalizedText>نوع الحاوية</LocalizedText><LocaleName>ar</LocaleName></LocalizedString><LocalizedString><ObjectType>1075</ObjectType><LocalizedText>Тип контейнер</LocalizedText><LocaleName>bg</LocaleName></LocalizedString><LocalizedString><ObjectType>1075</ObjectType><LocalizedText>Tipus de contenidor</LocalizedText><LocaleName>ca</LocaleName></LocalizedString><LocalizedString><ObjectType>1075</ObjectType><LocalizedText>Typ zásobníku</LocalizedText><LocaleName>cs</LocaleName></LocalizedString><LocalizedString><ObjectType>1075</ObjectType><LocalizedText>Opbevaringsstedstype</LocalizedText><LocaleName>da</LocaleName></LocalizedString><LocalizedString><ObjectType>1075</ObjectType><LocalizedText>Containertyp</LocalizedText><LocaleName>de</LocaleName></LocalizedString><LocalizedString><ObjectType>1075</ObjectType><LocalizedText>Tipo de contenedor</LocalizedText><LocaleName>es</LocaleName></LocalizedString><LocalizedString><ObjectType>1075</ObjectType><LocalizedText>Säilön tyyppi</LocalizedText><LocaleName>fi</LocaleName></LocalizedString><LocalizedString><ObjectType>1075</ObjectType><LocalizedText>Type de conteneur</LocalizedText><LocaleName>fr</LocaleName></LocalizedString><LocalizedString><ObjectType>1075</ObjectType><LocalizedText>סוג מכולה</LocalizedText><LocaleName>he</LocaleName></LocalizedString><LocalizedString><ObjectType>1075</ObjectType><LocalizedText>Tip spremnika</LocalizedText><LocaleName>hr</LocaleName></LocalizedString><LocalizedString><ObjectType>1075</ObjectType><LocalizedText>Tároló típusa</LocalizedText><LocaleName>hu</LocaleName></LocalizedString><LocalizedString><ObjectType>1075</ObjectType><LocalizedText>Tipo di contenitore</LocalizedText><LocaleName>it</LocaleName></LocalizedString><LocalizedString><ObjectType>1075</ObjectType><LocalizedText>コンテナー・タイプ</LocalizedText><LocaleName>ja</LocaleName></LocalizedString><LocalizedString><ObjectType>1075</ObjectType><LocalizedText>컨테이너 유형</LocalizedText><LocaleName>ko</LocaleName></LocalizedString><LocalizedString><ObjectType>1075</ObjectType><LocalizedText>Containertype</LocalizedText><LocaleName>nl</LocaleName></LocalizedString><LocalizedString><ObjectType>1075</ObjectType><LocalizedText>Containertype</LocalizedText><LocaleName>nb-no</LocaleName></LocalizedString><LocalizedString><ObjectType>1075</ObjectType><LocalizedText>Typ kontenera</LocalizedText><LocaleName>pl</LocaleName></LocalizedString><LocalizedString><ObjectType>1075</ObjectType><LocalizedText>Tipo de contentor</LocalizedText><LocaleName>pt</LocaleName></LocalizedString><LocalizedString><ObjectType>1075</ObjectType><LocalizedText>Tipo de contêiner</LocalizedText><LocaleName>pt-br</LocaleName></LocalizedString><LocalizedString><ObjectType>1075</ObjectType><LocalizedText>Tip de container</LocalizedText><LocaleName>ro</LocaleName></LocalizedString><LocalizedString><ObjectType>1075</ObjectType><LocalizedText>Тип контейнера</LocalizedText><LocaleName>ru</LocaleName></LocalizedString><LocalizedString><ObjectType>1075</ObjectType><LocalizedText>Typ kontajnera</LocalizedText><LocaleName>sk</LocaleName></LocalizedString><LocalizedString><ObjectType>1075</ObjectType><LocalizedText>Tip vsebnika</LocalizedText><LocaleName>sl</LocaleName></LocalizedString><LocalizedString><ObjectType>1075</ObjectType><LocalizedText>LookupList</LocalizedText><LocaleName>sv</LocaleName></LocalizedString><LocalizedString><ObjectType>1075</ObjectType><LocalizedText>ชนิดคอนเทนเนอร์</LocalizedText><LocaleName>th</LocaleName></LocalizedString><LocalizedString><ObjectType>1075</ObjectType><LocalizedText>Taşıyıcı Tipi</LocalizedText><LocaleName>tr</LocaleName></LocalizedString><LocalizedString><ObjectType>1075</ObjectType><LocalizedText>容器类型</LocalizedText><LocaleName>zh-cn</LocaleName></LocalizedString><LocalizedString><ObjectType>1075</ObjectType><LocalizedText>容器類型</LocalizedText><LocaleName>zh-tw</LocaleName></LocalizedString></DisplayNames><AuditAs/><MaximumLengthString/><AliasIds/><Id>16170118-c33c-41d7-a921-1bcfc8eecabf</Id><IsNameProperty>0</IsNameProperty><DateCreated>2012-02-13T13:12:02.200Z</DateCreated><DescriptiveTexts><LocalizedString><ObjectType>1075</ObjectType><LocalizedText>Container Type</LocalizedText><LocaleName>en-us</LocaleName></LocalizedString><LocalizedString><ObjectType>1075</ObjectType><LocalizedText>نوع الحاوية</LocalizedText><LocaleName>ar</LocaleName></LocalizedString><LocalizedString><ObjectType>1075</ObjectType><LocalizedText>Тип контейнер</LocalizedText><LocaleName>bg</LocaleName></LocalizedString><LocalizedString><ObjectType>1075</ObjectType><LocalizedText>Tipus de contenidor</LocalizedText><LocaleName>ca</LocaleName></LocalizedString><LocalizedString><ObjectType>1075</ObjectType><LocalizedText>Typ zásobníku</LocalizedText><LocaleName>cs</LocaleName></LocalizedString><LocalizedString><ObjectType>1075</ObjectType><LocalizedText>Opbevaringsstedstype</LocalizedText><LocaleName>da</LocaleName></LocalizedString><LocalizedString><ObjectType>1075</ObjectType><LocalizedText>Containertyp</LocalizedText><LocaleName>de</LocaleName></LocalizedString><LocalizedString><ObjectType>1075</ObjectType><LocalizedText>Tipo de contenedor</LocalizedText><LocaleName>es</LocaleName></LocalizedString><LocalizedString><ObjectType>1075</ObjectType><LocalizedText>Säilön tyyppi</LocalizedText><LocaleName>fi</LocaleName></LocalizedString><LocalizedString><ObjectType>1075</ObjectType><LocalizedText>Type de conteneur</LocalizedText><LocaleName>fr</LocaleName></LocalizedString><LocalizedString><ObjectType>1075</ObjectType><LocalizedText>סוג מכולה</LocalizedText><LocaleName>he</LocaleName></LocalizedString><LocalizedString><ObjectType>1075</ObjectType><LocalizedText>Tip spremnika</LocalizedText><LocaleName>hr</LocaleName></LocalizedString><LocalizedString><ObjectType>1075</ObjectType><LocalizedText>Tároló típusa</LocalizedText><LocaleName>hu</LocaleName></LocalizedString><LocalizedString><ObjectType>1075</ObjectType><LocalizedText>Tipo di contenitore</LocalizedText><LocaleName>it</LocaleName></LocalizedString><LocalizedString><ObjectType>1075</ObjectType><LocalizedText>コンテナー・タイプ</LocalizedText><LocaleName>ja</LocaleName></LocalizedString><LocalizedString><ObjectType>1075</ObjectType><LocalizedText>컨테이너 유형</LocalizedText><LocaleName>ko</LocaleName></LocalizedString><LocalizedString><ObjectType>1075</ObjectType><LocalizedText>Containertype</LocalizedText><LocaleName>nl</LocaleName></LocalizedString><LocalizedString><ObjectType>1075</ObjectType><LocalizedText>Containertype</LocalizedText><LocaleName>nb-no</LocaleName></LocalizedString><LocalizedString><ObjectType>1075</ObjectType><LocalizedText>Typ kontenera</LocalizedText><LocaleName>pl</LocaleName></LocalizedString><LocalizedString><ObjectType>1075</ObjectType><LocalizedText>Tipo de contentor</LocalizedText><LocaleName>pt</LocaleName></LocalizedString><LocalizedString><ObjectType>1075</ObjectType><LocalizedText>Tipo de contêiner</LocalizedText><LocaleName>pt-br</LocaleName></LocalizedString><LocalizedString><ObjectType>1075</ObjectType><LocalizedText>Tip de container</LocalizedText><LocaleName>ro</LocaleName></LocalizedString><LocalizedString><ObjectType>1075</ObjectType><LocalizedText>Тип контейнера</LocalizedText><LocaleName>ru</LocaleName></LocalizedString><LocalizedString><ObjectType>1075</ObjectType><LocalizedText>Typ kontajnera</LocalizedText><LocaleName>sk</LocaleName></LocalizedString><LocalizedString><ObjectType>1075</ObjectType><LocalizedText>Tip vsebnika</LocalizedText><LocaleName>sl</LocaleName></LocalizedString><LocalizedString><ObjectType>1075</ObjectType><LocalizedText>LookupList</LocalizedText><LocaleName>sv</LocaleName></LocalizedString><LocalizedString><ObjectType>1075</ObjectType><LocalizedText>ชนิดคอนเทนเนอร์</LocalizedText><LocaleName>th</LocaleName></LocalizedString><LocalizedString><ObjectType>1075</ObjectType><LocalizedText>Taşıyıcı Tipi</LocalizedText><LocaleName>tr</LocaleName></LocalizedString><LocalizedString><ObjectType>1075</ObjectType><LocalizedText>容器类型</LocalizedText><LocaleName>zh-cn</LocaleName></LocalizedString><LocalizedString><ObjectType>1075</ObjectType><LocalizedText>容器類型</LocalizedText><LocaleName>zh-tw</LocaleName></LocalizedString></DescriptiveTexts><RequiresUniqueElements/><IsHidden>1</IsHidden><ExternalReplicaIdentities/><DateLastModified>2012-06-27T16:19:37.223Z</DateLastModified><Name>Containertyp</Name><PropertyDefaultString/><ChoiceList/><PropertyDisplayCategory>FoundationExtensions</PropertyDisplayCategory><IsValueRequired>0</IsValueRequired></PropertyTemplateStringProperties></PropertyTemplateString></PropertyTemplates><ClassDefinitions><ReplicableClassDefinition><ReplicableClassDefinitionProperties><ObjectType>1027</ObjectType><SymbolicName>CustomerDossier</SymbolicName><Creator>GCDAdmin</Creator><LastModifier>GCDAdmin</LastModifier><PropertyDefinitions><PropertyDefinitionObject><ObjectType>1077</ObjectType><RequiredClassId>d78c19ad-a74a-4c43-ad9b-46d4a9b2d843</RequiredClassId><DeletionAction/><PrimaryId>9d16626d-306b-4a86-aa99-9480adb310c4</PrimaryId><ReflectivePropertyId/><PropertyDefaultObject/><Name>Replizierungsgruppe</Name></PropertyDefinitionObject><PropertyDefinitionObject><ObjectType>1077</ObjectType><RequiredClassId>63a15878-f36a-4902-a6ea-e31c1721c1f2</RequiredClassId><DeletionAction/><PrimaryId>3530db98-411e-40d5-a52b-fbf4b7cd90a0</PrimaryId><ReflectivePropertyId/><Name>Geprüfte Ereignisse</Name></PropertyDefinitionObject><PropertyDefinitionObject><ObjectType>1077</ObjectType><RequiredClassId>01a3a8ce-7aec-11d1-a31b-0020af9fbb1c</RequiredClassId><DeletionAction>2</DeletionAction><PrimaryId>045c374f-7aad-11d1-85e5-00a024e8a452</PrimaryId><ReflectivePropertyId>045c3750-7aad-11d1-85e5-00a024e8a452</ReflectivePropertyId><Name>Container</Name></PropertyDefinitionObject><PropertyDefinitionObject><ObjectType>1077</ObjectType><RequiredClassId>d54a3e9c-0704-11d3-8a0e-00104b6cb1da</RequiredClassId><DeletionAction>2</DeletionAction><PrimaryId>eba06b78-0704-11d3-8a0e-00104b6cb1da</PrimaryId><ReflectivePropertyId>f3d71838-0704-11d3-8a0e-00104b6cb1da</ReflectivePropertyId><Name>Annotationen</Name></PropertyDefinitionObject><PropertyDefinitionObject><ObjectType>1077</ObjectType><RequiredClassId>9c78f00d-e098-419a-ae10-5d854757ec79</RequiredClassId><DeletionAction/><PrimaryId>23244d4c-34d9-4dba-a805-e25c2e099a29</PrimaryId><ReflectivePropertyId/><PropertyDefaultObject/><Name>Berechtigungsrichtlinie</Name></PropertyDefinitionObject><PropertyDefinitionObject><ObjectType>1077</ObjectType><RequiredClassId>01a3a8ca-7aec-11d1-a31b-0020af9fbb1c</RequiredClassId><DeletionAction/><PrimaryId>045c3776-7aad-11d1-85e5-00a024e8a452</PrimaryId><ReflectivePropertyId>d32e5053-afb2-11d2-8bd6-00e0290f729a</ReflectivePropertyId><Name>Übergeordnetes Objekt</Name></PropertyDefinitionObject><PropertyDefinitionObject><ObjectType>1077</ObjectType><RequiredClassId>01a3a8ce-7aec-11d1-a31b-0020af9fbb1c</RequiredClassId><DeletionAction/><PrimaryId>045c374e-7aad-11d1-85e5-00a024e8a452</PrimaryId><ReflectivePropertyId>045c374d-7aad-11d1-85e5-00a024e8a452</ReflectivePropertyId><Name>Inhalte</Name></PropertyDefinitionObject><PropertyDefinitionObject><ObjectType>1077</ObjectType><RequiredClassId>01a3a8ca-7aec-11d1-a31b-0020af9fbb1c</RequiredClassId><DeletionAction>1</DeletionAction><PrimaryId>d32e5053-afb2-11d2-8bd6-00e0290f729a</PrimaryId><ReflectivePropertyId>045c3776-7aad-11d1-85e5-00a024e8a452</ReflectivePropertyId><Name>Unterordner</Name></PropertyDefinitionObject><PropertyDefinitionBoolean><ObjectType>1077</ObjectType><Name>Übergeordnete Berechtigungen übernehmen</Name><PropertyDefaultBoolean>1</PropertyDefaultBoolean><PrimaryId>6f95a17b-d4bd-4563-9d47-2162bf81bb1c</PrimaryId></PropertyDefinitionBoolean><PropertyDefinitionObject><ObjectType>1077</ObjectType><RequiredClassId>01a3a8c2-7aec-11d1-a31b-0020af9fbb1c</RequiredClassId><DeletionAction/><PrimaryId>4ef45ec9-57b8-4238-b8c3-f339c86f258a</PrimaryId><ReflectivePropertyId/><Name>Enthaltene Dokumente</Name></PropertyDefinitionObject><PropertyDefinitionObject><ObjectType>1077</ObjectType><RequiredClassId>c4984168-0059-4fdd-9826-979d44c7e3d2</RequiredClassId><DeletionAction>2</DeletionAction><PrimaryId>3bf3b281-7525-4cc6-8e80-4ccee112eb23</PrimaryId><ReflectivePropertyId>7eab7695-d859-4fc1-8fe5-9adfe4c0f823</ReflectivePropertyId><Name>Workflowsubskriptionen</Name></PropertyDefinitionObject><PropertyDefinitionBoolean><ObjectType>1077</ObjectType><IsNameProperty>0</IsNameProperty><Name>IsHiddenContainer</Name><AuditAs/><PropertyDefaultBoolean>0</PropertyDefaultBoolean><ExternalAliases/><ModificationAccessRequired/><IsValueRequired>1</IsValueRequired><CopyToReservation>1</CopyToReservation><PrimaryId>24a43e2b-6dc4-4e3b-93de-21e31326d5f3</PrimaryId><ChoiceList/><Settability>0</Settability><AliasIds/><IsHidden>1</IsHidden></PropertyDefinitionBoolean><PropertyDefinitionString><ObjectType>1077</ObjectType><IsNameProperty>0</IsNameProperty><MaximumLengthString>64</MaximumLengthString><CopyToReservation>1</CopyToReservation><PropertyDefaultString/><Settability>0</Settability><AuditAs/><ExternalAliases/><IsValueRequired>0</IsValueRequired><IsCBREnabled/><ModificationAccessRequired/><PrimaryId>16170118-c33c-41d7-a921-1bcfc8eecabf</PrimaryId><ChoiceList/><AliasIds/><IsHidden>1</IsHidden><Name>Containertyp</Name></PropertyDefinitionString><PropertyDefinitionString><ObjectType>1077</ObjectType><IsNameProperty>0</IsNameProperty><MaximumLengthString>64</MaximumLengthString><CopyToReservation>1</CopyToReservation><PropertyDefaultString/><Settability>0</Settability><AuditAs/><ExternalAliases/><IsValueRequired>0</IsValueRequired><IsCBREnabled/><ModificationAccessRequired/><PrimaryId>95d0d547-06ea-4554-a2de-a54760755776</PrimaryId><ChoiceList/><AliasIds/><IsHidden>0</IsHidden><Name>CustomerNumber</Name></PropertyDefinitionString><PropertyDefinitionString><ObjectType>1077</ObjectType><IsNameProperty>0</IsNameProperty><MaximumLengthString>64</MaximumLengthString><CopyToReservation>1</CopyToReservation><PropertyDefaultString/><Settability>0</Settability><AuditAs/><ExternalAliases/><IsValueRequired>0</IsValueRequired><IsCBREnabled/><ModificationAccessRequired/><PrimaryId>7b4a016d-6e98-43d6-9895-87b9f9c151c8</PrimaryId><ChoiceList/><AliasIds/><IsHidden>0</IsHidden><Name>Company</Name></PropertyDefinitionString><PropertyDefinitionString><ObjectType>1077</ObjectType><IsNameProperty>0</IsNameProperty><MaximumLengthString>64</MaximumLengthString><CopyToReservation>1</CopyToReservation><PropertyDefaultString/><Settability>0</Settability><AuditAs/><ExternalAliases/><IsValueRequired>0</IsValueRequired><IsCBREnabled/><ModificationAccessRequired/><PrimaryId>dc31d08e-fedf-445d-8268-8adf0d31d579</PrimaryId><ChoiceList/><AliasIds/><IsHidden>0</IsHidden><Name>Phone Number</Name></PropertyDefinitionString></PropertyDefinitions><ReplicationGroup/><IsCBREnabled>0</IsCBREnabled><DisplayNames><LocalizedString><ObjectType>1075</ObjectType><LocalizedText>CustomerDossier</LocalizedText><LocaleName>de</LocaleName></LocalizedString></DisplayNames><DefaultRetentionPeriod/><AuditDefinitions/><AliasIds/><Id>9fbe2e00-a0a6-48a5-902a-e2172eed1af4</Id><DateCreated>2013-10-03T15:14:29.700Z</DateCreated><DescriptiveTexts><LocalizedString><ObjectType>1075</ObjectType><LocalizedText>CustomerDossier</LocalizedText><LocaleName>de</LocaleName></LocalizedString></DescriptiveTexts><ExternalAliases/><IsHidden>0</IsHidden><ExternalReplicaIdentities/><SuperclassDefinition><ObjectRef><ObjectId>01a3a8ca-7aec-11d1-a31b-0020af9fbb1c</ObjectId><ClassId>f249f133-e244-4e96-93c8-b94cbd198c6b</ClassId></ObjectRef></SuperclassDefinition><RetentionPeriodUnits>2</RetentionPeriodUnits><DateLastModified>2013-10-08T06:51:13.210Z</DateLastModified><ChangePreprocessorDefinitions/><Name>CustomerDossier</Name><AllowsInstances>1</AllowsInstances></ReplicableClassDefinitionProperties></ReplicableClassDefinition></ClassDefinitions></ExportedObjects>
