<ExportedObjects EMVersion="5.120.1.052"><Folders><Folder><FolderProperties><ObjectType>2</ObjectType><Creator>GCDAdmin</Creator><LastModifier>GCDAdmin</LastModifier><SecurityPolicy/><ReplicationGroup/><FolderName>TemplateDossierStructure</FolderName><IsHiddenContainer>0</IsHiddenContainer><DateCreated>2013-10-04T18:15:53.247Z</DateCreated><ContainerType/><CmRetentionDate/><ExternalReplicaIdentities/><DateLastModified>2013-10-04T18:15:53.247Z</DateLastModified><Name>TemplateDossierStructure</Name><Id>a215e8f5-2206-49dd-977e-0138886df67c</Id><InheritParentPermissions>1</InheritParentPermissions><Parent><ObjectRef><ObjectId>0f1e2d3c-4b5a-6978-8796-a5b4c3d2e1f0</ObjectId><ClassId>01a3a8ca-7aec-11d1-a31b-0020af9fbb1c</ClassId></ObjectRef></Parent></FolderProperties></Folder><Folder><FolderProperties><ObjectType>2</ObjectType><Creator>GCDAdmin</Creator><LastModifier>GCDAdmin</LastModifier><SecurityPolicy/><ReplicationGroup/><FolderName>Products</FolderName><IsHiddenContainer>0</IsHiddenContainer><DateCreated>2013-10-04T18:16:59.383Z</DateCreated><ContainerType/><CmRetentionDate/><ExternalReplicaIdentities/><DateLastModified>2013-10-04T18:16:59.383Z</DateLastModified><Name>Products</Name><Id>1646bb9f-7b6e-447c-8c69-c150bfcf98ef</Id><InheritParentPermissions>1</InheritParentPermissions><Parent><ObjectRef><ObjectId>a215e8f5-2206-49dd-977e-0138886df67c</ObjectId><ClassId>01a3a8ca-7aec-11d1-a31b-0020af9fbb1c</ClassId></ObjectRef></Parent></FolderProperties></Folder><Folder><FolderProperties><ObjectType>2</ObjectType><Creator>GCDAdmin</Creator><LastModifier>GCDAdmin</LastModifier><SecurityPolicy/><ReplicationGroup/><FolderName>Orders</FolderName><IsHiddenContainer>0</IsHiddenContainer><DateCreated>2013-10-08T05:32:05.567Z</DateCreated><ContainerType/><CmRetentionDate/><ExternalReplicaIdentities/><DateLastModified>2013-10-08T05:32:05.567Z</DateLastModified><Name>Orders</Name><Id>b42cc0ec-d873-455b-8b13-bb9bee119879</Id><InheritParentPermissions>1</InheritParentPermissions><Parent><ObjectRef><ObjectId>a215e8f5-2206-49dd-977e-0138886df67c</ObjectId><ClassId>01a3a8ca-7aec-11d1-a31b-0020af9fbb1c</ClassId></ObjectRef></Parent></FolderProperties></Folder><Folder><FolderProperties><ObjectType>2</ObjectType><Creator>GCDAdmin</Creator><LastModifier>GCDAdmin</LastModifier><SecurityPolicy/><ReplicationGroup/><FolderName>Correspondance</FolderName><IsHiddenContainer>0</IsHiddenContainer><DateCreated>2013-10-04T18:16:21.170Z</DateCreated><ContainerType/><CmRetentionDate/><ExternalReplicaIdentities/><DateLastModified>2013-10-04T18:16:21.170Z</DateLastModified><Name>Correspondance</Name><Id>279cefb5-887f-41eb-88a4-cbc8f74f1c9c</Id><InheritParentPermissions>1</InheritParentPermissions><Parent><ObjectRef><ObjectId>a215e8f5-2206-49dd-977e-0138886df67c</ObjectId><ClassId>01a3a8ca-7aec-11d1-a31b-0020af9fbb1c</ClassId></ObjectRef></Parent></FolderProperties></Folder><Folder><FolderProperties><ObjectType>2</ObjectType><Creator>GCDAdmin</Creator><LastModifier>GCDAdmin</LastModifier><SecurityPolicy/><ReplicationGroup/><FolderName>Phone</FolderName><IsHiddenContainer>0</IsHiddenContainer><DateCreated>2013-10-04T18:20:08.737Z</DateCreated><ContainerType/><CmRetentionDate/><ExternalReplicaIdentities/><DateLastModified>2013-10-04T18:20:42.257Z</DateLastModified><Name>Phone</Name><Id>6b670052-4f54-400f-8080-d4090690e505</Id><InheritParentPermissions>1</InheritParentPermissions><Parent><ObjectRef><ObjectId>279cefb5-887f-41eb-88a4-cbc8f74f1c9c</ObjectId><ClassId>01a3a8ca-7aec-11d1-a31b-0020af9fbb1c</ClassId></ObjectRef></Parent></FolderProperties></Folder><Folder><FolderProperties><ObjectType>2</ObjectType><Creator>GCDAdmin</Creator><LastModifier>GCDAdmin</LastModifier><SecurityPolicy/><ReplicationGroup/><FolderName>Mail</FolderName><IsHiddenContainer>0</IsHiddenContainer><DateCreated>2013-10-04T18:19:22.687Z</DateCreated><ContainerType/><CmRetentionDate/><ExternalReplicaIdentities/><DateLastModified>2013-10-04T18:19:22.687Z</DateLastModified><Name>Mail</Name><Id>99833bbd-7dcd-41eb-a50d-219f3f7bed62</Id><InheritParentPermissions>1</InheritParentPermissions><Parent><ObjectRef><ObjectId>279cefb5-887f-41eb-88a4-cbc8f74f1c9c</ObjectId><ClassId>01a3a8ca-7aec-11d1-a31b-0020af9fbb1c</ClassId></ObjectRef></Parent></FolderProperties></Folder><Folder><FolderProperties><ObjectType>2</ObjectType><Creator>GCDAdmin</Creator><LastModifier>GCDAdmin</LastModifier><SecurityPolicy/><ReplicationGroup/><FolderName>Contracts</FolderName><IsHiddenContainer>0</IsHiddenContainer><DateCreated>2013-10-04T18:16:10.320Z</DateCreated><ContainerType/><CmRetentionDate/><ExternalReplicaIdentities/><DateLastModified>2013-10-04T18:16:10.320Z</DateLastModified><Name>Contracts</Name><Id>60e58df1-02da-49be-8923-a4e7cd79df95</Id><InheritParentPermissions>1</InheritParentPermissions><Parent><ObjectRef><ObjectId>a215e8f5-2206-49dd-977e-0138886df67c</ObjectId><ClassId>01a3a8ca-7aec-11d1-a31b-0020af9fbb1c</ClassId></ObjectRef></Parent></FolderProperties></Folder><Folder><FolderProperties><ObjectType>2</ObjectType><Creator>GCDAdmin</Creator><LastModifier>GCDAdmin</LastModifier><SecurityPolicy/><ReplicationGroup/><FolderName>Claims</FolderName><IsHiddenContainer>0</IsHiddenContainer><DateCreated>2013-10-04T18:18:59.127Z</DateCreated><ContainerType/><CmRetentionDate/><ExternalReplicaIdentities/><DateLastModified>2013-10-04T18:18:59.127Z</DateLastModified><Name>Claims</Name><Id>801a3f21-5054-41f1-8eaa-16df0c78c518</Id><InheritParentPermissions>1</InheritParentPermissions><Parent><ObjectRef><ObjectId>a215e8f5-2206-49dd-977e-0138886df67c</ObjectId><ClassId>01a3a8ca-7aec-11d1-a31b-0020af9fbb1c</ClassId></ObjectRef></Parent></FolderProperties></Folder><Folder><FolderProperties><ObjectType>2</ObjectType><Creator>GCDAdmin</Creator><LastModifier>GCDAdmin</LastModifier><SecurityPolicy/><ReplicationGroup/><FolderName>CustomerDossiers</FolderName><IsHiddenContainer>0</IsHiddenContainer><DateCreated>2013-10-03T06:27:59.397Z</DateCreated><ContainerType/><CmRetentionDate/><ExternalReplicaIdentities/><DateLastModified>2013-10-03T08:01:30.480Z</DateLastModified><Name>CustomerDossiers</Name><Id>17799c04-9934-4621-8357-604ca07e1490</Id><InheritParentPermissions>1</InheritParentPermissions><Parent><ObjectRef><ObjectId>0f1e2d3c-4b5a-6978-8796-a5b4c3d2e1f0</ObjectId><ClassId>01a3a8ca-7aec-11d1-a31b-0020af9fbb1c</ClassId></ObjectRef></Parent></FolderProperties></Folder></Folders></ExportedObjects>
